INSERT INTO usuarios (id, nome, email, senha) VALUES
    (1, 'Ana Souza', 'ana.souza@example.com', '$2y$10$senha_hash_teste_ana'),
    (2, 'Bruno Martins', 'bruno.martins@example.com', '$2y$10$senha_hash_teste_bruno'),
    (3, 'Carla Mendes', 'carla.mendes@example.com', '$2y$10$senha_hash_teste_carla'),
    (4, 'Diego Oliveira', 'diego.oliveira@example.com', '$2y$10$senha_hash_teste_diego'),
    (5, 'Eduarda Lima', 'eduarda.lima@example.com', '$2y$10$senha_hash_teste_eduarda'),
    (6, 'Felipe Rocha', 'felipe.rocha@example.com', '$2y$10$senha_hash_teste_felipe'),
    (7, 'Gabriela Costa', 'gabriela.costa@example.com', '$2y$10$senha_hash_teste_gabriela'),
    (8, 'Henrique Alves', 'henrique.alves@example.com', '$2y$10$senha_hash_teste_henrique'),
    (9, 'Isabela Nunes', 'isabela.nunes@example.com', '$2y$10$senha_hash_teste_isabela'),
    (10, 'Joao Pedro', 'joao.pedro@example.com', '$2y$10$senha_hash_teste_joao'),
    (11, 'Karen Ribeiro', 'karen.ribeiro@example.com', '$2y$10$senha_hash_teste_karen'),
    (12, 'Lucas Pereira', 'lucas.pereira@example.com', '$2y$10$senha_hash_teste_lucas'),
    (13, 'Mariana Fernandes', 'mariana.fernandes@example.com', '$2y$10$senha_hash_teste_mariana'),
    (14, 'Nicolas Santos', 'nicolas.santos@example.com', '$2y$10$senha_hash_teste_nicolas'),
    (15, 'Olivia Barros', 'olivia.barros@example.com', '$2y$10$senha_hash_teste_olivia'),
    (16, 'Paulo Henrique', 'paulo.henrique@example.com', '$2y$10$senha_hash_teste_paulo'),
    (17, 'Raissa Castro', 'raissa.castro@example.com', '$2y$10$senha_hash_teste_raissa'),
    (18, 'Samuel Dias', 'samuel.dias@example.com', '$2y$10$senha_hash_teste_samuel'),
    (19, 'Talita Moraes', 'talita.moraes@example.com', '$2y$10$senha_hash_teste_talita'),
    (20, 'Vitor Araujo', 'vitor.araujo@example.com', '$2y$10$senha_hash_teste_vitor'),
    (21, 'Yasmin Cardoso', 'yasmin.cardoso@example.com', '$2y$10$senha_hash_teste_yasmin'),
    (22, 'Rafael Gomes', 'rafael.gomes@example.com', '$2y$10$senha_hash_teste_rafael'),
    (23, 'Bianca Freitas', 'bianca.freitas@example.com', '$2y$10$senha_hash_teste_bianca'),
    (24, 'Cesar Teixeira', 'cesar.teixeira@example.com', '$2y$10$senha_hash_teste_cesar');


INSERT INTO categorias (id, nome) VALUES
    (1, 'Programacao'),
    (2, 'PHP'),
    (3, 'JavaScript'),
    (4, 'HTML'),
    (5, 'CSS'),
    (6, 'MySQL'),
    (7, 'Laravel'),
    (8, 'Node.js'),
    (9, 'Express'),
    (10, 'Banco de Dados'),
    (11, 'Redes de Computadores'),
    (12, 'Camada de Transporte'),
    (13, 'TCP'),
    (14, 'UDP'),
    (15, 'Seguranca'),
    (16, 'Algoritmos'),
    (17, 'Git'),
    (18, 'Front-end'),
    (19, 'Back-end'),
    (20, 'APIs'),
    (21, 'React'),
    (22, 'Modelagem'),
    (23, 'SQL'),
    (24, 'Linux'),
    (25, 'Windows'),
    (26, 'Matematica'),
    (27, 'Fisica'),
    (28, 'Quimica'),
    (29, 'Biologia'),
    (30, 'Ingles');


INSERT INTO feeds (id, usuario_id, titulo, descricao) VALUES
    (1, 1, 'Feed de Programacao Web', 'Conteudos sobre HTML, CSS, JS, PHP e banco de dados.'),
    (2, 2, 'Feed de Banco de Dados', 'Exercicios de SQL, modelagem e relacionamentos.'),
    (3, 3, 'Feed de Redes', 'Resumos e atividades sobre redes de computadores.'),
    (4, 4, 'Feed de Laravel', 'Anotacoes, exemplos e erros comuns em Laravel.'),
    (5, 5, 'Feed de JavaScript', 'DOM, fetch, rotas no front-end e organizacao de codigo.'),
    (6, 6, 'Feed de PHP', 'Rotas, controllers, services, repositories e validacoes.'),
    (7, 7, 'Feed de Git', 'Branches, merge, stash, push e workflow de projetos.'),
    (8, 8, 'Feed de APIs', 'JSON, endpoints, autenticacao e consumo pelo front-end.'),
    (9, 9, 'Feed de Estudos IFRS', 'Materiais variados do tecnico em informatica.'),
    (10, 10, 'Feed de Front-end', 'Layouts, componentes, responsividade e CSS.'),
    (11, 11, 'Feed de Back-end', 'Estrutura de pastas, regras de negocio e persistencia.'),
    (12, 12, 'Feed de Exercicios', 'Atividades praticas para treinar conceitos.'),
    (13, 13, 'Feed de Revisoes', 'Revisoes rapidas antes de provas e questionarios.'),
    (14, 14, 'Feed de Projetos', 'Ideias e organizacao de projetos completos.'),
    (15, 15, 'Feed de Sistemas', 'Linux, Windows, Docker, portas e ambiente local.'),
    (16, 16, 'Feed de Matematica', 'Exercicios e resumos de matematica.'),
    (17, 17, 'Feed de Ciencias', 'Conteudos de fisica, quimica e biologia.'),
    (18, 18, 'Feed de Ingles Tecnico', 'Vocabulário e leitura técnica em inglês.');


INSERT INTO posts (id, titulo, data_criacao, tipo) VALUES
    (1, 'Como organizar controllers, services e repositories', '2026-01-12', 1),
    (2, 'Entendendo rotas no back-end PHP', '2026-01-14', 1),
    (3, 'Diferença entre query string, parametro de rota e body', '2026-01-16', 1),
    (4, 'Como usar fetch para consumir uma API', '2026-01-18', 1),
    (5, 'Guia rapido de CORS em ambiente local', '2026-01-20', 1),
    (6, 'Como modelar muitos-para-muitos no MySQL', '2026-01-22', 1),
    (7, 'Entendendo chaves estrangeiras na pratica', '2026-01-24', 1),
    (8, 'Como criar slugs para paginas de categorias', '2026-01-26', 1),
    (9, 'Organizando arquivos CSS por pagina', '2026-01-28', 1),
    (10, 'Boas praticas para criar endpoints REST', '2026-01-30', 1),
    (11, 'Como usar Git stash sem perder alteracoes', '2026-02-01', 1),
    (12, 'Fluxo simples com branches no Git', '2026-02-03', 1),
    (13, 'Introducao a validacao de dados no back-end', '2026-02-05', 1),
    (14, 'Como funcionam prepared statements', '2026-02-07', 1),
    (15, 'Erros comuns ao usar MariaDB pelo terminal', '2026-02-09', 1),
    (16, 'Como estruturar um projeto Express', '2026-02-11', 1),
    (17, 'Quando usar PHP puro ou Laravel', '2026-02-13', 1),
    (18, 'Relacionamento entre posts, usuarios e categorias', '2026-02-15', 1),
    (19, 'Como pensar em permissao de usuario', '2026-02-17', 1),
    (20, 'Criando paginas dinamicas sem framework', '2026-02-19', 1),
    (21, 'Resumo sobre TCP e UDP', '2026-02-21', 1),
    (22, 'Multiplexacao e demultiplexacao na camada de transporte', '2026-02-23', 1),
    (23, 'Modelo de servico de melhor esforco do IP', '2026-02-25', 1),
    (24, 'Como estudar redes de computadores', '2026-02-27', 1),
    (25, 'Como documentar uma API simples', '2026-03-01', 1),
    (26, 'Questionario de PHP basico', '2026-03-03', 2),
    (27, 'Questionario de JavaScript e DOM', '2026-03-05', 2),
    (28, 'Questionario de MySQL', '2026-03-07', 2),
    (29, 'Questionario de Git', '2026-03-09', 2),
    (30, 'Questionario de Redes', '2026-03-11', 2),
    (31, 'Questionario de TCP e UDP', '2026-03-13', 2),
    (32, 'Questionario de HTML semantico', '2026-03-15', 2),
    (33, 'Questionario de CSS', '2026-03-17', 2),
    (34, 'Questionario de APIs REST', '2026-03-19', 2),
    (35, 'Questionario de Laravel', '2026-03-21', 2),
    (36, 'Questionario de Express', '2026-03-23', 2),
    (37, 'Questionario de modelagem de dados', '2026-03-25', 2),
    (38, 'Questionario de SQL JOIN', '2026-03-27', 2),
    (39, 'Questionario de seguranca web', '2026-03-29', 2),
    (40, 'Questionario de ingles tecnico', '2026-03-31', 2),
    (41, 'Atividade: criar rota de login', '2026-04-02', 3),
    (42, 'Atividade: montar SELECT com JOIN', '2026-04-04', 3),
    (43, 'Atividade: validar formulario', '2026-04-06', 3),
    (44, 'Atividade: criar layout responsivo', '2026-04-08', 3),
    (45, 'Atividade: resolver erro de CORS', '2026-04-10', 3),
    (46, 'Atividade: usar branch no Git', '2026-04-12', 3),
    (47, 'Atividade: criar seed SQL', '2026-04-14', 3),
    (48, 'Atividade: criar endpoint de categorias', '2026-04-16', 3),
    (49, 'Atividade: consumir API com fetch', '2026-04-18', 3),
    (50, 'Atividade: criar slug no JavaScript', '2026-04-20', 3),
    (51, 'Atividade: explicar TCP e UDP', '2026-04-22', 3),
    (52, 'Atividade: identificar portas locais', '2026-04-24', 3),
    (53, 'Atividade: modelar posts e categorias', '2026-04-26', 3),
    (54, 'Atividade: criar repository', '2026-04-28', 3),
    (55, 'Atividade: criar service', '2026-04-30', 3),
    (56, 'Atividade: escrever artigo tecnico', '2026-05-02', 3),
    (57, 'Atividade: montar banco normalizado', '2026-05-04', 3),
    (58, 'Atividade: criar CRUD simples', '2026-05-06', 3),
    (59, 'Atividade: depurar erro SQL', '2026-05-08', 3),
    (60, 'Atividade: documentar rotas', '2026-05-10', 3);


INSERT INTO artigos (post_id, corpo) VALUES
    (1, 'Um jeito simples de organizar um projeto e deixar o controller recebendo a requisicao, o service cuidando das regras e o repository falando com o banco de dados. Assim cada parte fica com uma responsabilidade clara.'),
    (2, 'As rotas ligam uma URL e um metodo HTTP a uma funcao do sistema. Em PHP puro, normalmente o router identifica o caminho, chama o controller e deixa o restante do fluxo seguir.'),
    (3, 'Parametro de rota costuma identificar um recurso, query string costuma filtrar ou ordenar resultados, e body costuma enviar dados maiores para criacao ou atualizacao.'),
    (4, 'O fetch envia uma requisicao HTTP pelo navegador. Para APIs JSON, normalmente se usa headers com Content-Type application/json e depois response.json para ler a resposta.'),
    (5, 'CORS aparece quando o navegador bloqueia uma requisicao feita de uma origem para outra. No desenvolvimento local isso acontece muito quando front-end e API usam portas diferentes.'),
    (6, 'Relacionamentos muitos-para-muitos usam uma tabela intermediaria. Por exemplo, posts e categorias podem ser ligados por posts_categorias.'),
    (7, 'Chave estrangeira garante que um registro referencie outro que realmente existe. Isso evita dados soltos que apontam para nada.'),
    (8, 'Slug e uma versao da string preparada para URL. Normalmente fica em minusculo, sem espacos e sem caracteres problematicos.'),
    (9, 'Separar CSS por pagina pode ajudar quando o projeto cresce. Outra opcao e separar por componentes, como header, cards e formularios.'),
    (10, 'Uma API REST simples usa recursos no plural, metodos HTTP corretos e respostas JSON previsiveis.'),
    (11, 'Git stash guarda alteracoes temporariamente. Depois e possivel recuperar com git stash pop ou git stash apply.'),
    (12, 'Um fluxo simples no Git e criar uma branch para cada tarefa, commitar, testar, enviar para o remoto e depois juntar com a branch principal.'),
    (13, 'Validar dados no back-end e importante mesmo quando o front-end ja valida. O servidor nao deve confiar totalmente no cliente.'),
    (14, 'Prepared statements ajudam a evitar SQL injection porque separam o comando SQL dos valores enviados pelo usuario.'),
    (15, 'Erros no MariaDB pelo terminal podem vir de caminho errado, sintaxe SQL, charset ou tabelas que ainda nao foram criadas.'),
    (16, 'No Express, uma estrutura comum separa routes, controllers, services, repositories e validators.'),
    (17, 'PHP puro ajuda a entender a base do funcionamento web, enquanto Laravel entrega uma estrutura pronta com rotas, models, migrations e recursos extras.'),
    (18, 'Usuarios, posts e categorias podem formar relacoes compostas. Um usuario cria ou salva posts, e os posts recebem categorias.'),
    (19, 'Permissao de usuario define o que cada pessoa pode acessar ou alterar. Isso normalmente deve ser verificado no back-end.'),
    (20, 'Paginas dinamicas podem ser criadas buscando dados da API e renderizando HTML pelo JavaScript.'),
    (21, 'TCP e orientado a conexao e confiavel. UDP e mais simples, sem garantia de entrega ou ordem.'),
    (22, 'Multiplexacao e demultiplexacao permitem que varios processos usem a rede ao mesmo tempo usando portas.'),
    (23, 'O IP usa melhor esforco: tenta entregar os pacotes, mas nao garante entrega, ordem ou atraso.'),
    (24, 'Para estudar redes, ajuda separar por camadas: aplicacao, transporte, rede, enlace e fisica.'),
    (25, 'Documentar uma API ajuda o front-end a saber quais endpoints existem, quais dados enviar e quais respostas esperar.');


INSERT INTO questionarios (post_id) VALUES
    (26),
    (27),
    (28),
    (29),
    (30),
    (31),
    (32),
    (33),
    (34),
    (35),
    (36),
    (37),
    (38),
    (39),
    (40);


INSERT INTO atividades (post_id, enunciado, resposta_certa) VALUES
    (41, 'Qual metodo HTTP normalmente e usado para criar um novo registro?', 2),
    (42, 'Qual comando SQL junta linhas de tabelas relacionadas?', 3),
    (43, 'Onde a validacao mais importante deve acontecer?', 4),
    (44, 'Qual propriedade CSS ajuda a criar layouts flexiveis em linha ou coluna?', 1),
    (45, 'CORS acontece principalmente por causa de que diferenca?', 2),
    (46, 'Qual comando cria uma nova branch no Git?', 1),
    (47, 'Para que serve um arquivo seed SQL?', 3),
    (48, 'Qual verbo HTTP costuma buscar dados?', 1),
    (49, 'Qual funcao do JavaScript pode fazer requisicoes HTTP?', 2),
    (50, 'O que um slug normalmente evita?', 4),
    (51, 'Qual protocolo de transporte oferece confiabilidade e ordenacao?', 1),
    (52, 'Em localhost, portas diferentes podem indicar o que?', 2),
    (53, 'Qual tabela liga posts e categorias neste banco?', 3),
    (54, 'Repository normalmente conversa com qual camada externa?', 4),
    (55, 'Service normalmente concentra o que?', 2),
    (56, 'Um artigo tecnico deve explicar principalmente o que?', 1),
    (57, 'Normalizacao ajuda a reduzir o que?', 3),
    (58, 'CRUD significa criar, ler, atualizar e o que mais?', 4),
    (59, 'Erro de chave estrangeira geralmente indica o que?', 2),
    (60, 'Documentar rotas ajuda quem?', 1);


INSERT INTO opcoes (id, ordem, atividade_id, texto) VALUES
    (1, 1, 41, 'GET'),
    (2, 2, 41, 'POST'),
    (3, 3, 41, 'DELETE'),
    (4, 4, 41, 'OPTIONS'),
    (5, 1, 42, 'WHERE'),
    (6, 2, 42, 'ORDER BY'),
    (7, 3, 42, 'JOIN'),
    (8, 4, 42, 'LIMIT'),
    (9, 1, 43, 'Somente no CSS'),
    (10, 2, 43, 'Somente no HTML'),
    (11, 3, 43, 'Somente no navegador'),
    (12, 4, 43, 'No back-end tambem'),
    (13, 1, 44, 'display: flex'),
    (14, 2, 44, 'text-decoration'),
    (15, 3, 44, 'font-style'),
    (16, 4, 44, 'z-index'),
    (17, 1, 45, 'Cor do site'),
    (18, 2, 45, 'Origem da requisicao'),
    (19, 3, 45, 'Nome do banco'),
    (20, 4, 45, 'Tamanho do JSON'),
    (21, 1, 46, 'git checkout -b nome'),
    (22, 2, 46, 'git remove branch'),
    (23, 3, 46, 'git start branch'),
    (24, 4, 46, 'git commit -b'),
    (25, 1, 47, 'Apagar o MySQL'),
    (26, 2, 47, 'Instalar o Apache'),
    (27, 3, 47, 'Popular o banco com dados'),
    (28, 4, 47, 'Criar o navegador'),
    (29, 1, 48, 'GET'),
    (30, 2, 48, 'POST'),
    (31, 3, 48, 'PATCH'),
    (32, 4, 48, 'DELETE'),
    (33, 1, 49, 'alert'),
    (34, 2, 49, 'fetch'),
    (35, 3, 49, 'prompt'),
    (36, 4, 49, 'parseInt'),
    (37, 1, 50, 'Letras minusculas'),
    (38, 2, 50, 'URLs'),
    (39, 3, 50, 'Espacos e caracteres ruins na URL'),
    (40, 4, 50, 'Bancos relacionais'),
    (41, 1, 51, 'TCP'),
    (42, 2, 51, 'UDP'),
    (43, 3, 51, 'IP'),
    (44, 4, 51, 'HTTP'),
    (45, 1, 52, 'Mesmo processo sempre'),
    (46, 2, 52, 'Origens diferentes'),
    (47, 3, 52, 'Erro de teclado'),
    (48, 4, 52, 'Banco apagado'),
    (49, 1, 53, 'usuarios_posts'),
    (50, 2, 53, 'feeds'),
    (51, 3, 53, 'posts_categorias'),
    (52, 4, 53, 'opcoes'),
    (53, 1, 54, 'HTML'),
    (54, 2, 54, 'CSS'),
    (55, 3, 54, 'Controller diretamente sempre'),
    (56, 4, 54, 'Banco de dados'),
    (57, 1, 55, 'Estilo visual'),
    (58, 2, 55, 'Regra de negocio'),
    (59, 3, 55, 'Fonte do texto'),
    (60, 4, 55, 'Porta USB'),
    (61, 1, 56, 'Um assunto de forma clara'),
    (62, 2, 56, 'Somente nomes de arquivos'),
    (63, 3, 56, 'A senha do usuario'),
    (64, 4, 56, 'A cor do monitor'),
    (65, 1, 57, 'Comentarios'),
    (66, 2, 57, 'CSS'),
    (67, 3, 57, 'Repeticao e inconsistencia'),
    (68, 4, 57, 'Tamanho da tela'),
    (69, 1, 58, 'Compilar'),
    (70, 2, 58, 'Desenhar'),
    (71, 3, 58, 'Logar'),
    (72, 4, 58, 'Deletar'),
    (73, 1, 59, 'CSS faltando'),
    (74, 2, 59, 'Referencia inexistente ou invalida'),
    (75, 3, 59, 'Fonte pequena'),
    (76, 4, 59, 'Mouse travado'),
    (77, 1, 60, 'Quem consome ou mantem a API'),
    (78, 2, 60, 'Somente o banco'),
    (79, 3, 60, 'Somente o sistema operacional'),
    (80, 4, 60, 'Somente o monitor');


INSERT INTO usuarios_posts (id, usuario_id, post_id) VALUES
    (1, 1, 1),
    (2, 8, 1),
    (3, 2, 2),
    (4, 9, 2),
    (5, 3, 3),
    (6, 10, 3),
    (7, 17, 3),
    (8, 4, 4),
    (9, 11, 4),
    (10, 5, 5),
    (11, 12, 5),
    (12, 6, 6),
    (13, 13, 6),
    (14, 20, 6),
    (15, 7, 7),
    (16, 14, 7),
    (17, 8, 8),
    (18, 15, 8),
    (19, 9, 9),
    (20, 16, 9),
    (21, 23, 9),
    (22, 10, 10),
    (23, 17, 10),
    (24, 11, 11),
    (25, 18, 11),
    (26, 2, 12),
    (27, 12, 12),
    (28, 19, 12),
    (29, 13, 13),
    (30, 20, 13),
    (31, 14, 14),
    (32, 21, 14),
    (33, 5, 15),
    (34, 15, 15),
    (35, 22, 15),
    (36, 16, 16),
    (37, 23, 16),
    (38, 17, 17),
    (39, 24, 17),
    (40, 1, 18),
    (41, 8, 18),
    (42, 18, 18),
    (43, 2, 19),
    (44, 19, 19),
    (45, 3, 20),
    (46, 20, 20),
    (47, 4, 21),
    (48, 11, 21),
    (49, 21, 21),
    (50, 5, 22),
    (51, 22, 22),
    (52, 6, 23),
    (53, 23, 23),
    (54, 7, 24),
    (55, 14, 24),
    (56, 24, 24),
    (57, 1, 25),
    (58, 8, 25),
    (59, 2, 26),
    (60, 9, 26),
    (61, 3, 27),
    (62, 10, 27),
    (63, 17, 27),
    (64, 4, 28),
    (65, 11, 28),
    (66, 5, 29),
    (67, 12, 29),
    (68, 6, 30),
    (69, 13, 30),
    (70, 20, 30),
    (71, 7, 31),
    (72, 14, 31),
    (73, 8, 32),
    (74, 15, 32),
    (75, 9, 33),
    (76, 16, 33),
    (77, 23, 33),
    (78, 10, 34),
    (79, 17, 34),
    (80, 11, 35),
    (81, 18, 35),
    (82, 2, 36),
    (83, 12, 36),
    (84, 19, 36),
    (85, 13, 37),
    (86, 20, 37),
    (87, 14, 38),
    (88, 21, 38),
    (89, 5, 39),
    (90, 15, 39),
    (91, 22, 39),
    (92, 16, 40),
    (93, 23, 40),
    (94, 17, 41),
    (95, 24, 41),
    (96, 1, 42),
    (97, 8, 42),
    (98, 18, 42),
    (99, 2, 43),
    (100, 19, 43),
    (101, 3, 44),
    (102, 20, 44),
    (103, 4, 45),
    (104, 11, 45),
    (105, 21, 45),
    (106, 5, 46),
    (107, 22, 46),
    (108, 6, 47),
    (109, 23, 47),
    (110, 7, 48),
    (111, 14, 48),
    (112, 24, 48),
    (113, 1, 49),
    (114, 8, 49),
    (115, 2, 50),
    (116, 9, 50),
    (117, 3, 51),
    (118, 10, 51),
    (119, 17, 51),
    (120, 4, 52),
    (121, 11, 52),
    (122, 5, 53),
    (123, 12, 53),
    (124, 6, 54),
    (125, 13, 54),
    (126, 20, 54),
    (127, 7, 55),
    (128, 14, 55),
    (129, 8, 56),
    (130, 15, 56),
    (131, 9, 57),
    (132, 16, 57),
    (133, 23, 57),
    (134, 10, 58),
    (135, 17, 58),
    (136, 11, 59),
    (137, 18, 59),
    (138, 2, 60),
    (139, 12, 60),
    (140, 19, 60);


INSERT INTO posts_categorias (id, post_id, categoria_id, votos) VALUES
    (1, 1, 19, 43),
    (2, 1, 1, 7),
    (3, 1, 4, 28),
    (4, 2, 1, 14),
    (5, 2, 2, 28),
    (6, 2, 19, 41),
    (7, 2, 20, 10),
    (8, 3, 1, 21),
    (9, 3, 18, 18),
    (10, 3, 10, 30),
    (11, 4, 20, 20),
    (12, 4, 19, 37),
    (13, 4, 1, 28),
    (14, 4, 13, 4),
    (15, 5, 20, 25),
    (16, 5, 19, 35),
    (17, 5, 15, 30),
    (18, 5, 1, 35),
    (19, 6, 6, 27),
    (20, 6, 10, 15),
    (21, 6, 23, 21),
    (22, 6, 1, 42),
    (23, 7, 1, 4),
    (24, 7, 18, 27),
    (25, 7, 22, 43),
    (26, 8, 3, 33),
    (27, 8, 18, 18),
    (28, 8, 1, 11),
    (29, 8, 25, 5),
    (30, 9, 5, 0),
    (31, 9, 18, 9),
    (32, 9, 1, 18),
    (33, 9, 28, 9),
    (34, 10, 20, 5),
    (35, 10, 19, 25),
    (36, 10, 1, 25),
    (37, 11, 17, 4),
    (38, 11, 1, 32),
    (39, 11, 4, 38),
    (40, 12, 17, 33),
    (41, 12, 1, 39),
    (42, 12, 7, 3),
    (43, 13, 19, 19),
    (44, 13, 1, 1),
    (45, 13, 10, 10),
    (46, 14, 1, 8),
    (47, 14, 18, 9),
    (48, 14, 13, 14),
    (49, 15, 1, 15),
    (50, 15, 18, 0),
    (51, 15, 16, 15),
    (52, 16, 8, 41),
    (53, 16, 9, 18),
    (54, 16, 19, 13),
    (55, 16, 1, 22),
    (56, 17, 1, 29),
    (57, 17, 2, 13),
    (58, 17, 19, 11),
    (59, 17, 7, 23),
    (60, 18, 1, 36),
    (61, 18, 18, 18),
    (62, 18, 25, 0),
    (63, 19, 1, 43),
    (64, 19, 18, 9),
    (65, 19, 28, 34),
    (66, 20, 1, 5),
    (67, 20, 18, 0),
    (68, 21, 11, 42),
    (69, 21, 12, 9),
    (70, 21, 13, 21),
    (71, 21, 14, 33),
    (72, 22, 1, 19),
    (73, 22, 18, 27),
    (74, 22, 7, 43),
    (75, 23, 1, 26),
    (76, 23, 18, 18),
    (77, 23, 10, 35),
    (78, 24, 11, 3),
    (79, 24, 1, 33),
    (80, 24, 13, 24),
    (81, 25, 20, 35),
    (82, 25, 19, 40),
    (83, 25, 1, 40),
    (84, 25, 16, 10),
    (85, 26, 1, 2),
    (86, 26, 2, 4),
    (87, 26, 19, 38),
    (88, 26, 16, 32),
    (89, 27, 1, 9),
    (90, 27, 3, 27),
    (91, 27, 18, 27),
    (92, 27, 16, 9),
    (93, 28, 6, 6),
    (94, 28, 10, 25),
    (95, 28, 23, 8),
    (96, 28, 16, 31),
    (97, 29, 17, 31),
    (98, 29, 16, 8),
    (99, 29, 28, 14),
    (100, 30, 11, 15),
    (101, 30, 16, 30),
    (102, 30, 1, 30),
    (103, 31, 11, 2),
    (104, 31, 12, 39),
    (105, 31, 13, 31),
    (106, 31, 14, 23),
    (107, 32, 4, 41),
    (108, 32, 18, 27),
    (109, 32, 16, 29),
    (110, 32, 7, 38),
    (111, 33, 5, 30),
    (112, 33, 18, 18),
    (113, 33, 16, 6),
    (114, 33, 10, 15),
    (115, 34, 20, 35),
    (116, 34, 19, 22),
    (117, 34, 16, 28),
    (118, 34, 13, 34),
    (119, 35, 7, 5),
    (120, 35, 2, 40),
    (121, 35, 19, 20),
    (122, 35, 16, 5),
    (123, 36, 8, 36),
    (124, 36, 9, 18),
    (125, 36, 19, 18),
    (126, 36, 16, 27),
    (127, 37, 10, 25),
    (128, 37, 22, 28),
    (129, 37, 16, 4),
    (130, 38, 6, 21),
    (131, 38, 10, 5),
    (132, 38, 23, 43),
    (133, 38, 16, 26),
    (134, 39, 1, 3),
    (135, 39, 16, 3),
    (136, 39, 28, 39),
    (137, 40, 30, 30),
    (138, 40, 16, 25),
    (139, 40, 1, 10),
    (140, 41, 1, 17),
    (141, 41, 16, 2),
    (142, 41, 4, 23),
    (143, 42, 1, 24),
    (144, 42, 16, 24),
    (145, 42, 7, 33),
    (146, 43, 1, 31),
    (147, 43, 16, 1),
    (148, 43, 10, 40),
    (149, 44, 1, 38),
    (150, 44, 16, 23),
    (151, 44, 13, 44),
    (152, 45, 20, 0),
    (153, 45, 15, 0),
    (154, 45, 16, 0),
    (155, 46, 17, 29),
    (156, 46, 16, 22),
    (157, 46, 19, 43),
    (158, 47, 6, 39),
    (159, 47, 10, 5),
    (160, 47, 23, 7),
    (161, 47, 16, 44),
    (162, 48, 1, 21),
    (163, 48, 16, 21),
    (164, 48, 25, 30),
    (165, 49, 20, 20),
    (166, 49, 19, 37),
    (167, 49, 16, 43),
    (168, 49, 28, 19),
    (169, 50, 1, 35),
    (170, 50, 3, 15),
    (171, 50, 18, 0),
    (172, 50, 16, 20),
    (173, 51, 11, 12),
    (174, 51, 12, 9),
    (175, 51, 13, 6),
    (176, 51, 14, 3),
    (177, 52, 24, 6),
    (178, 52, 25, 10),
    (179, 52, 11, 44),
    (180, 52, 16, 19),
    (181, 53, 1, 11),
    (182, 53, 16, 41),
    (183, 53, 10, 20),
    (184, 54, 1, 18),
    (185, 54, 16, 18),
    (186, 54, 13, 9),
    (187, 55, 1, 25),
    (188, 55, 16, 40),
    (189, 56, 1, 32),
    (190, 56, 16, 17),
    (191, 56, 19, 23),
    (192, 57, 10, 30),
    (193, 57, 23, 42),
    (194, 57, 16, 39),
    (195, 57, 22, 3),
    (196, 58, 1, 1),
    (197, 58, 16, 16),
    (198, 58, 25, 25),
    (199, 59, 6, 3),
    (200, 59, 10, 35),
    (201, 59, 23, 4),
    (202, 59, 16, 38),
    (203, 60, 20, 30),
    (204, 60, 19, 15),
    (205, 60, 16, 15),
    (206, 60, 1, 15);


INSERT INTO feeds_categorias (id, feed_id, categoria_id) VALUES
    (1, 1, 19),
    (2, 1, 1),
    (3, 2, 1),
    (4, 2, 2),
    (5, 3, 1),
    (6, 3, 18),
    (7, 4, 20),
    (8, 4, 19),
    (9, 5, 20),
    (10, 5, 19),
    (11, 6, 6),
    (12, 6, 10),
    (13, 7, 1),
    (14, 7, 18),
    (15, 8, 3),
    (16, 8, 18),
    (17, 9, 5),
    (18, 9, 18),
    (19, 10, 20),
    (20, 10, 19),
    (21, 11, 17),
    (22, 11, 1),
    (23, 12, 17),
    (24, 12, 1),
    (25, 13, 19),
    (26, 13, 1),
    (27, 14, 1),
    (28, 14, 18),
    (29, 15, 1),
    (30, 15, 18),
    (31, 16, 8),
    (32, 16, 9),
    (33, 17, 1),
    (34, 17, 2),
    (35, 18, 1),
    (36, 18, 18);


INSERT INTO usuarios_posts_categorias (id, usuario_id, post_id, categoria_id, voto) VALUES
    (1, 20, 1, 19, -1),
    (2, 1, 1, 19, 1),
    (3, 7, 1, 19, 1),
    (4, 2, 1, 1, 1),
    (5, 7, 1, 1, 1),
    (6, 5, 1, 4, -1),
    (7, 10, 1, 4, -1),
    (8, 3, 2, 1, 1),
    (9, 9, 2, 1, 1),
    (10, 4, 2, 2, 1),
    (11, 10, 2, 2, 1),
    (12, 17, 2, 2, 1),
    (13, 21, 2, 19, 1),
    (14, 3, 2, 19, 1),
    (15, 22, 2, 20, 1),
    (16, 4, 2, 20, 1),
    (17, 4, 3, 1, 1),
    (18, 11, 3, 1, -1),
    (19, 19, 3, 1, 1),
    (20, 21, 3, 18, 1),
    (21, 4, 3, 18, -1),
    (22, 13, 3, 10, 1),
    (23, 20, 3, 10, 1),
    (24, 24, 4, 20, 1),
    (25, 8, 4, 20, 1),
    (26, 17, 4, 20, 1),
    (27, 23, 4, 19, 1),
    (28, 7, 4, 19, -1),
    (29, 5, 4, 1, -1),
    (30, 13, 4, 1, 1),
    (31, 17, 4, 13, 1),
    (32, 1, 4, 13, 1),
    (33, 1, 5, 20, 1),
    (34, 10, 5, 20, -1),
    (35, 24, 5, 19, 1),
    (36, 9, 5, 19, 1),
    (37, 19, 5, 19, 1),
    (38, 20, 5, 15, -1),
    (39, 5, 5, 15, -1),
    (40, 15, 5, 15, -1),
    (41, 6, 5, 1, 1),
    (42, 15, 5, 1, 1),
    (43, 12, 6, 6, 1),
    (44, 22, 6, 6, 1),
    (45, 9, 6, 6, 1),
    (46, 16, 6, 10, 1),
    (47, 2, 6, 10, 1),
    (48, 13, 6, 10, 1),
    (49, 5, 6, 23, 1),
    (50, 15, 6, 23, 1),
    (51, 7, 6, 1, 1),
    (52, 17, 6, 1, 1),
    (53, 8, 7, 1, 1),
    (54, 19, 7, 1, 1),
    (55, 7, 7, 1, -1),
    (56, 1, 7, 18, 1),
    (57, 12, 7, 18, 1),
    (58, 5, 7, 22, 1),
    (59, 16, 7, 22, -1),
    (60, 11, 8, 3, 1),
    (61, 23, 8, 3, 1),
    (62, 2, 8, 18, 1),
    (63, 14, 8, 18, -1),
    (64, 9, 8, 1, 1),
    (65, 21, 8, 1, -1),
    (66, 9, 8, 25, 1),
    (67, 21, 8, 25, 1),
    (68, 14, 9, 5, 1),
    (69, 3, 9, 5, 1),
    (70, 3, 9, 18, -1),
    (71, 16, 9, 18, 1),
    (72, 10, 9, 1, -1),
    (73, 23, 9, 1, 1),
    (74, 13, 9, 28, -1),
    (75, 2, 9, 28, 1),
    (76, 6, 10, 20, 1),
    (77, 20, 10, 20, -1),
    (78, 5, 10, 19, 1),
    (79, 19, 10, 19, 1),
    (80, 11, 10, 1, 1),
    (81, 1, 10, 1, 1),
    (82, 4, 11, 17, 1),
    (83, 19, 11, 17, 1),
    (84, 11, 11, 17, 1),
    (85, 12, 11, 1, 1),
    (86, 3, 11, 1, -1),
    (87, 19, 11, 1, 1),
    (88, 15, 11, 4, -1),
    (89, 6, 11, 4, 1),
    (90, 5, 12, 17, 1),
    (91, 21, 12, 17, -1),
    (92, 13, 12, 1, 1),
    (93, 5, 12, 1, 1),
    (94, 19, 12, 7, 1),
    (95, 11, 12, 7, -1),
    (96, 8, 13, 19, -1),
    (97, 1, 13, 19, 1),
    (98, 19, 13, 19, 1),
    (99, 14, 13, 1, 1),
    (100, 7, 13, 1, 1),
    (101, 23, 13, 10, 1),
    (102, 16, 13, 10, 1),
    (103, 15, 14, 1, -1),
    (104, 9, 14, 1, 1),
    (105, 8, 14, 18, -1),
    (106, 2, 14, 18, 1),
    (107, 21, 14, 18, 1),
    (108, 3, 14, 13, -1),
    (109, 21, 14, 13, 1),
    (110, 16, 15, 1, 1),
    (111, 11, 15, 1, 1),
    (112, 7, 15, 1, 1),
    (113, 9, 15, 18, 1),
    (114, 4, 15, 18, 1),
    (115, 7, 15, 16, 1),
    (116, 2, 15, 16, 1),
    (117, 24, 16, 8, 1),
    (118, 20, 16, 8, 1),
    (119, 17, 16, 8, 1),
    (120, 1, 16, 9, 1),
    (121, 21, 16, 9, 1),
    (122, 11, 16, 19, 1),
    (123, 7, 16, 19, 1),
    (124, 17, 16, 1, 1),
    (125, 13, 16, 1, -1),
    (126, 18, 17, 1, 1),
    (127, 15, 17, 1, 1),
    (128, 19, 17, 2, 1),
    (129, 16, 17, 2, -1),
    (130, 12, 17, 19, 1),
    (131, 9, 17, 19, -1),
    (132, 7, 17, 19, 1),
    (133, 24, 17, 7, 1),
    (134, 21, 17, 7, -1),
    (135, 19, 17, 7, 1),
    (136, 19, 18, 1, 1),
    (137, 17, 18, 1, 1),
    (138, 12, 18, 18, 1),
    (139, 10, 18, 18, 1),
    (140, 9, 18, 18, -1),
    (141, 19, 18, 25, 1),
    (142, 17, 18, 25, -1),
    (143, 20, 19, 1, -1),
    (144, 19, 19, 1, 1),
    (145, 13, 19, 18, -1),
    (146, 12, 19, 18, 1),
    (147, 23, 19, 28, -1),
    (148, 22, 19, 28, 1),
    (149, 21, 20, 1, 1),
    (150, 14, 20, 18, 1),
    (151, 8, 21, 11, -1),
    (152, 9, 21, 11, 1),
    (153, 11, 21, 11, 1),
    (154, 9, 21, 12, 1),
    (155, 10, 21, 12, 1),
    (156, 10, 21, 13, 1),
    (157, 11, 21, 13, -1),
    (158, 11, 21, 14, 1),
    (159, 12, 21, 14, 1),
    (160, 23, 22, 1, 1),
    (161, 1, 22, 1, 1),
    (162, 16, 22, 18, 1),
    (163, 18, 22, 18, 1),
    (164, 21, 22, 18, 1),
    (165, 5, 22, 7, 1),
    (166, 7, 22, 7, 1),
    (167, 24, 23, 1, 1),
    (168, 3, 23, 1, 1),
    (169, 7, 23, 1, 1),
    (170, 17, 23, 18, 1),
    (171, 20, 23, 18, 1),
    (172, 9, 23, 10, 1),
    (173, 12, 23, 10, -1),
    (174, 11, 24, 11, 1),
    (175, 15, 24, 11, -1),
    (176, 1, 24, 1, 1),
    (177, 5, 24, 1, -1),
    (178, 13, 24, 13, -1),
    (179, 17, 24, 13, 1),
    (180, 21, 25, 20, 1),
    (181, 2, 25, 20, 1),
    (182, 20, 25, 19, 1),
    (183, 1, 25, 19, -1),
    (184, 7, 25, 19, 1),
    (185, 2, 25, 1, 1),
    (186, 7, 25, 1, 1),
    (187, 17, 25, 16, 1),
    (188, 22, 25, 16, 1),
    (189, 3, 26, 1, -1),
    (190, 9, 26, 1, 1),
    (191, 4, 26, 2, 1),
    (192, 10, 26, 2, 1),
    (193, 17, 26, 2, -1),
    (194, 21, 26, 19, 1),
    (195, 3, 26, 19, 1),
    (196, 18, 26, 16, -1),
    (197, 24, 26, 16, 1),
    (198, 4, 27, 1, 1),
    (199, 11, 27, 1, 1),
    (200, 19, 27, 1, 1),
    (201, 6, 27, 3, 1),
    (202, 13, 27, 3, 1),
    (203, 21, 27, 18, 1),
    (204, 4, 27, 18, 1),
    (205, 19, 27, 16, 1),
    (206, 2, 27, 16, -1),
    (207, 10, 28, 6, 1),
    (208, 18, 28, 6, 1),
    (209, 14, 28, 10, 1),
    (210, 22, 28, 10, -1),
    (211, 3, 28, 23, 1),
    (212, 11, 28, 23, 1),
    (213, 20, 28, 16, 1),
    (214, 4, 28, 16, 1),
    (215, 13, 28, 16, 1),
    (216, 22, 29, 17, 1),
    (217, 7, 29, 17, 1),
    (218, 21, 29, 16, 1),
    (219, 6, 29, 16, 1),
    (220, 9, 29, 28, 1),
    (221, 18, 29, 28, -1),
    (222, 17, 30, 11, 1),
    (223, 3, 30, 11, 1),
    (224, 22, 30, 16, 1),
    (225, 8, 30, 16, 1),
    (226, 7, 30, 1, 1),
    (227, 17, 30, 1, 1),
    (228, 18, 31, 11, -1),
    (229, 5, 31, 11, 1),
    (230, 19, 31, 12, 1),
    (231, 6, 31, 12, 1),
    (232, 20, 31, 13, 1),
    (233, 7, 31, 13, 1),
    (234, 19, 31, 13, 1),
    (235, 21, 31, 14, 1),
    (236, 8, 31, 14, 1),
    (237, 12, 32, 4, 1),
    (238, 24, 32, 4, -1),
    (239, 13, 32, 4, 1),
    (240, 2, 32, 18, 1),
    (241, 14, 32, 18, 1),
    (242, 24, 32, 16, 1),
    (243, 12, 32, 16, -1),
    (244, 1, 32, 16, 1),
    (245, 15, 32, 7, 1),
    (246, 3, 32, 7, 1),
    (247, 14, 33, 5, 1),
    (248, 3, 33, 5, 1),
    (249, 3, 33, 18, 1),
    (250, 16, 33, 18, 1),
    (251, 1, 33, 16, -1),
    (252, 14, 33, 16, 1),
    (253, 19, 33, 10, 1),
    (254, 8, 33, 10, 1),
    (255, 6, 34, 20, -1),
    (256, 20, 34, 20, 1),
    (257, 5, 34, 19, 1),
    (258, 19, 34, 19, 1),
    (259, 2, 34, 16, 1),
    (260, 16, 34, 16, 1),
    (261, 23, 34, 13, -1),
    (262, 13, 34, 13, -1),
    (263, 18, 35, 7, -1),
    (264, 9, 35, 7, 1),
    (265, 13, 35, 2, -1),
    (266, 4, 35, 2, 1),
    (267, 6, 35, 19, -1),
    (268, 21, 35, 19, -1),
    (269, 3, 35, 16, 1),
    (270, 18, 35, 16, 1),
    (271, 20, 36, 8, 1),
    (272, 12, 36, 8, 1),
    (273, 5, 36, 8, 1),
    (274, 21, 36, 9, 1),
    (275, 13, 36, 9, 1),
    (276, 7, 36, 19, 1),
    (277, 23, 36, 19, 1),
    (278, 4, 36, 16, 1),
    (279, 20, 36, 16, 1),
    (280, 13, 36, 16, -1),
    (281, 23, 37, 10, -1),
    (282, 16, 37, 10, 1),
    (283, 11, 37, 22, -1),
    (284, 4, 37, 22, 1),
    (285, 5, 37, 16, 1),
    (286, 22, 37, 16, -1),
    (287, 20, 38, 6, 1),
    (288, 14, 38, 6, 1),
    (289, 9, 38, 6, 1),
    (290, 24, 38, 10, 1),
    (291, 18, 38, 10, 1),
    (292, 13, 38, 10, 1),
    (293, 13, 38, 23, 1),
    (294, 7, 38, 23, 1),
    (295, 6, 38, 16, -1),
    (296, 24, 38, 16, 1),
    (297, 16, 39, 1, 1),
    (298, 11, 39, 1, 1),
    (299, 7, 39, 1, 1),
    (300, 7, 39, 16, 1),
    (301, 2, 39, 16, 1),
    (302, 19, 39, 28, 1),
    (303, 14, 39, 28, 1),
    (304, 22, 40, 30, 1),
    (305, 18, 40, 30, 1),
    (306, 8, 40, 16, 1),
    (307, 4, 40, 16, -1),
    (308, 1, 40, 16, 1),
    (309, 17, 40, 1, 1),
    (310, 13, 40, 1, 1),
    (311, 18, 41, 1, -1),
    (312, 15, 41, 1, 1),
    (313, 9, 41, 16, 1),
    (314, 6, 41, 16, 1),
    (315, 21, 41, 4, 1),
    (316, 18, 41, 4, 1),
    (317, 19, 42, 1, 1),
    (318, 17, 42, 1, -1),
    (319, 10, 42, 16, 1),
    (320, 8, 42, 16, 1),
    (321, 1, 42, 7, -1),
    (322, 23, 42, 7, 1),
    (323, 20, 43, 1, 1),
    (324, 19, 43, 1, 1),
    (325, 11, 43, 16, -1),
    (326, 10, 43, 16, 1),
    (327, 5, 43, 10, 1),
    (328, 4, 43, 10, 1),
    (329, 21, 44, 1, 1),
    (330, 12, 44, 16, 1),
    (331, 13, 44, 16, 1),
    (332, 9, 44, 13, 1),
    (333, 17, 45, 20, 1),
    (334, 18, 45, 20, 1),
    (335, 12, 45, 15, 1),
    (336, 13, 45, 15, 1),
    (337, 15, 45, 15, -1),
    (338, 13, 45, 16, 1),
    (339, 14, 45, 16, -1),
    (340, 15, 46, 17, 1),
    (341, 17, 46, 17, -1),
    (342, 14, 46, 16, 1),
    (343, 16, 46, 16, 1),
    (344, 17, 46, 19, 1),
    (345, 19, 46, 19, 1),
    (346, 5, 47, 6, 1),
    (347, 8, 47, 6, 1),
    (348, 9, 47, 10, 1),
    (349, 12, 47, 10, 1),
    (350, 22, 47, 23, 1),
    (351, 1, 47, 23, 1),
    (352, 15, 47, 16, 1),
    (353, 18, 47, 16, 1),
    (354, 1, 48, 1, -1),
    (355, 5, 48, 1, 1),
    (356, 16, 48, 16, -1),
    (357, 20, 48, 16, 1),
    (358, 1, 48, 16, -1),
    (359, 1, 48, 25, 1),
    (360, 5, 48, 25, 1),
    (361, 21, 49, 20, -1),
    (362, 2, 49, 20, 1),
    (363, 20, 49, 19, 1),
    (364, 1, 49, 19, 1),
    (365, 7, 49, 19, -1),
    (366, 17, 49, 16, 1),
    (367, 22, 49, 16, 1),
    (368, 5, 49, 28, 1),
    (369, 10, 49, 28, 1),
    (370, 3, 50, 1, 1),
    (371, 9, 50, 1, -1),
    (372, 5, 50, 3, 1),
    (373, 11, 50, 3, 1),
    (374, 20, 50, 18, 1),
    (375, 2, 50, 18, -1),
    (376, 9, 50, 18, 1),
    (377, 18, 50, 16, 1),
    (378, 24, 50, 16, -1),
    (379, 14, 51, 11, 1),
    (380, 21, 51, 11, 1),
    (381, 15, 51, 12, 1),
    (382, 22, 51, 12, -1),
    (383, 16, 51, 13, -1),
    (384, 23, 51, 13, 1),
    (385, 7, 51, 13, 1),
    (386, 17, 51, 14, 1),
    (387, 24, 51, 14, 1),
    (388, 4, 52, 24, -1),
    (389, 12, 52, 24, 1),
    (390, 21, 52, 24, 1),
    (391, 5, 52, 25, 1),
    (392, 13, 52, 25, -1),
    (393, 15, 52, 11, 1),
    (394, 23, 52, 11, 1),
    (395, 20, 52, 16, 1),
    (396, 4, 52, 16, 1),
    (397, 13, 52, 16, 1),
    (398, 6, 53, 1, -1),
    (399, 15, 53, 1, 1),
    (400, 21, 53, 16, -1),
    (401, 6, 53, 16, -1),
    (402, 15, 53, 10, 1),
    (403, 24, 53, 10, 1),
    (404, 7, 54, 1, 1),
    (405, 17, 54, 1, 1),
    (406, 22, 54, 16, 1),
    (407, 8, 54, 16, 1),
    (408, 19, 54, 13, 1),
    (409, 5, 54, 13, 1),
    (410, 8, 55, 1, 1),
    (411, 19, 55, 1, -1),
    (412, 7, 55, 1, 1),
    (413, 23, 55, 16, 1),
    (414, 10, 55, 16, 1),
    (415, 9, 56, 1, 1),
    (416, 21, 56, 1, 1),
    (417, 24, 56, 16, 1),
    (418, 12, 56, 16, 1),
    (419, 1, 56, 16, 1),
    (420, 3, 56, 19, 1),
    (421, 15, 56, 19, -1),
    (422, 19, 57, 10, 1),
    (423, 8, 57, 10, -1),
    (424, 8, 57, 23, 1),
    (425, 21, 57, 23, 1),
    (426, 11, 57, 23, 1),
    (427, 1, 57, 16, 1),
    (428, 14, 57, 16, 1),
    (429, 7, 57, 22, 1),
    (430, 20, 57, 22, 1),
    (431, 11, 58, 1, -1),
    (432, 1, 58, 1, -1),
    (433, 2, 58, 16, 1),
    (434, 16, 58, 16, -1),  
    (435, 11, 58, 25, 1),
    (436, 1, 58, 25, 1),
    (437, 17, 59, 6, 1),
    (438, 8, 59, 6, 1),
    (439, 21, 59, 10, -1),
    (440, 12, 59, 10, 1),
    (441, 10, 59, 23, 1),
    (442, 1, 59, 23, 1),
    (443, 3, 59, 16, 1),
    (444, 18, 59, 16, 1),
    (445, 8, 60, 20, 1),
    (446, 24, 60, 20, 1),
    (447, 17, 60, 20, 1),
    (448, 7, 60, 19, 1),
    (449, 23, 60, 19, 1),
    (450, 4, 60, 16, -1),
    (451, 20, 60, 16, 1),
    (452, 13, 60, 16, 1),
    (453, 13, 60, 1, 1),
    (454, 5, 60, 1, 1);
